"window_id","spot","tier","status","stage","start","end","n_hours","n_good_hours","peak_time","peak_score","peak_category","mean_score","wave_height","wave_period","swell_height","swell_period","swell_dir","wave_dir","wind_speed","wind_dir","wind_category","block_type","dominant_limit","before_start","after_end","ewam_share","first_seen","last_seen","notified_at","notified_stage","notified_start","notified_end","notified_peak_category"
"smygehuk-1005","smygehuk","C_windswell","active","confirmed","2026-10-05T16:00:00Z","2026-10-05T17:00:00Z",2,2,"2026-10-05T16:00:00Z",6,"Marginal",6,1.28,4.45,0.02,5.5,190,227,6.71,245,"cross","windsea_block","swell_direction","wind_cross_strong","darkness",1,"2026-10-03T11:36:53Z","2026-10-03T21:12:50Z","2026-10-03T21:12:50Z","confirmed","2026-10-05T16:00:00Z","2026-10-05T17:00:00Z","Marginal"
"vorupoer-1006","vorupoer","A_groundswell","active","confirmed","2026-10-06T10:00:00Z","2026-10-06T14:00:00Z",5,5,"2026-10-06T10:00:00Z",6.3,"Good",6.3,1.46,8.15,1.44,8.25,299,299,4.08,287,"onshore_light","windsea_block","wind_onshore_light","wind_onshore_light","wind_onshore_light",1,"2026-10-03T11:36:53Z","2026-10-03T21:12:50Z","2026-10-03T21:12:50Z","confirmed","2026-10-06T10:00:00Z","2026-10-06T14:00:00Z","Good"
"smygehuk-1006","smygehuk","C_windswell","faded","heads_up","2026-10-06T11:00:00Z","2026-10-06T12:00:00Z",2,2,"2026-10-06T12:00:00Z",6.2,"Good",6.2,0.64,4.3,0,0,0,218,5.5,243,"cross","windsea_block","swell_direction","swell_direction","wind_onshore_light",0,"2026-10-02T13:21:23Z","2026-10-03T11:36:53Z","2026-10-02T13:21:23Z","heads_up","2026-10-06T11:00:00Z","2026-10-06T17:00:00Z","Good"
"klitmoller-1006","klitmoller","A_groundswell","active","confirmed","2026-10-06T12:00:00Z","2026-10-06T16:00:00Z",5,5,"2026-10-06T12:00:00Z",6.3,"Good",6.3,1.42,8.05,1.4,8.25,301,301,2.79,291,"onshore_light","windsea_block","wind_onshore_light","wind_onshore_light","wind_onshore_light",1,"2026-10-03T11:36:53Z","2026-10-03T21:12:50Z","2026-10-03T21:12:50Z","confirmed","2026-10-06T12:00:00Z","2026-10-06T16:00:00Z","Good"
"hanstholm_beach-1006","hanstholm_beach","A_groundswell","active","confirmed","2026-10-06T15:00:00Z","2026-10-06T17:00:00Z",3,3,"2026-10-06T15:00:00Z",7,"Good",6.8,1.4,8,1.38,8.15,299,299,2,267,"cross","windsea_block","wind_onshore_light","wind_onshore_light","darkness",1,"2026-10-03T11:36:53Z","2026-10-03T21:12:50Z","2026-10-03T21:12:50Z","confirmed","2026-10-06T15:00:00Z","2026-10-06T17:00:00Z","Good"
"hanstholm_point-1006","hanstholm_point","A_groundswell","active","confirmed","2026-10-06T15:00:00Z","2026-10-06T17:00:00Z",3,3,"2026-10-06T15:00:00Z",7,"Good",7,1.4,8,1.38,8.15,299,299,2,267,"cross","windsea_block","none","score_dip","darkness",1,"2026-10-02T22:12:16Z","2026-10-03T21:12:50Z","2026-10-03T21:12:50Z","confirmed","2026-10-06T15:00:00Z","2026-10-06T17:00:00Z","Good"
"klitmoller-1006b","klitmoller","A_groundswell","merged","heads_up","2026-10-06T16:00:00Z","2026-10-06T17:00:00Z",2,2,"2026-10-06T16:00:00Z",6.9,"Good",6.9,1.38,11.8,0.66,11.8,306,309,0.63,342,"cross","groundswell_block","wind_cross","wind_onshore_light","darkness",0,"2026-10-03T11:36:53Z","2026-10-03T11:36:53Z","2026-10-03T11:36:53Z","heads_up","2026-10-06T16:00:00Z","2026-10-06T17:00:00Z","Good"
"hanstholm_point-1007","hanstholm_point","A_groundswell","active","heads_up","2026-10-07T08:00:00Z","2026-10-07T13:00:00Z",6,6,"2026-10-07T10:00:00Z",9.1,"Epic",7.2,0.86,10.35,0.36,10.3,313,313,0.76,203,"offshore","groundswell_block","wind_cross","weak_swell","wind_onshore_light",0,"2026-10-03T11:36:53Z","2026-10-03T21:12:50Z","2026-10-03T21:12:50Z","heads_up","2026-10-07T08:00:00Z","2026-10-07T13:00:00Z","Epic"
"hanstholm_beach-1007","hanstholm_beach","A_groundswell","active","heads_up","2026-10-07T09:00:00Z","2026-10-07T12:00:00Z",4,4,"2026-10-07T09:00:00Z",6.1,"Good",6.1,1.02,10.2,0.42,10.2,304,305,0.98,204,"cross","groundswell_block","wind_cross","score_dip","wind_onshore_light",0,"2026-10-03T21:12:50Z","2026-10-03T21:12:50Z","2026-10-03T21:12:50Z","heads_up","2026-10-07T09:00:00Z","2026-10-07T12:00:00Z","Good"
"klitmoller-1007","klitmoller","A_groundswell","active","heads_up","2026-10-07T09:00:00Z","2026-10-07T15:00:00Z",7,6,"2026-10-07T09:00:00Z",6.1,"Good",5.8,1.02,10.2,0.42,10.2,304,305,0.71,188,"cross","groundswell_block","wind_cross","score_dip","wind_onshore_light",0,"2026-10-03T21:12:50Z","2026-10-03T21:12:50Z","2026-10-03T21:12:50Z","heads_up","2026-10-07T09:00:00Z","2026-10-07T15:00:00Z","Good"
"hanstholm_point-1008","hanstholm_point","A_groundswell","cancelled","heads_up","2026-10-08T05:00:00Z","2026-10-08T07:00:00Z",3,3,"2026-10-08T05:00:00Z",6.6,"Good",6.4,0.64,10.4,0.38,9,300,312,4.08,216,"offshore","groundswell_block","none","darkness","wind_cross",0,"2026-10-02T13:21:23Z","2026-10-02T14:08:44Z","2026-10-02T22:12:16Z","heads_up","2026-10-08T05:00:00Z","2026-10-08T07:00:00Z","Good"
"asa_south-1010","asa_south","B_mixed","cancelled","heads_up","2026-10-10T05:00:00Z","2026-10-10T06:00:00Z",2,2,"2026-10-10T05:00:00Z",7.5,"Good",7,1.58,6.35,0,0,0,203,7.48,247,"cross","windsea_block","swell_direction","darkness","swell_direction",0,"2026-10-02T22:12:16Z","2026-10-02T22:12:16Z","2026-10-03T11:36:53Z","heads_up","2026-10-10T05:00:00Z","2026-10-10T06:00:00Z","Good"
"hanstholm_point-1010","hanstholm_point","A_groundswell","cancelled","heads_up","2026-10-10T05:00:00Z","2026-10-10T10:00:00Z",6,6,"2026-10-10T05:00:00Z",7.1,"Good",6.6,2,8.95,0,0,0,283,11.77,229,"offshore_strong","windsea_block","wind_offshore_strong","darkness","wind_cross_strong",0,"2026-10-02T13:21:23Z","2026-10-02T14:08:44Z","2026-10-03T11:36:53Z","heads_up","2026-10-10T05:00:00Z","2026-10-10T10:00:00Z","Good"
"hanstholm_beach-1011","hanstholm_beach","A_groundswell","cancelled","heads_up","2026-10-11T06:00:00Z","2026-10-11T17:00:00Z",12,12,"2026-10-11T06:00:00Z",7.9,"Good",7.4,2.66,9.65,0,0,0,291,8.77,277,"cross","windsea_block","none","wind_cross_strong","darkness",0,"2026-10-02T13:21:23Z","2026-10-02T22:12:16Z","2026-10-03T11:36:53Z","heads_up","2026-10-11T06:00:00Z","2026-10-11T17:00:00Z","Good"
"hanstholm_point-1011","hanstholm_point","A_groundswell","cancelled","heads_up","2026-10-11T06:00:00Z","2026-10-11T17:00:00Z",12,12,"2026-10-11T06:00:00Z",7.9,"Good",7.2,2.22,9.85,0,0,0,302,8.77,277,"cross","windsea_block","none","wind_cross_strong","darkness",0,"2026-10-02T13:21:23Z","2026-10-02T22:12:16Z","2026-10-03T11:36:53Z","heads_up","2026-10-11T06:00:00Z","2026-10-11T17:00:00Z","Good"
"klitmoller-1011","klitmoller","A_groundswell","cancelled","heads_up","2026-10-11T06:00:00Z","2026-10-11T17:00:00Z",12,12,"2026-10-11T06:00:00Z",7.1,"Good",6.7,2.66,9.65,0,0,0,291,8.94,280,"onshore_light","windsea_block","wind_onshore_light","wind_onshore_strong","darkness",0,"2026-10-02T13:21:23Z","2026-10-02T22:12:16Z","2026-10-03T11:36:53Z","heads_up","2026-10-11T06:00:00Z","2026-10-11T17:00:00Z","Good"
"vorupoer-1011","vorupoer","A_groundswell","cancelled","heads_up","2026-10-11T06:00:00Z","2026-10-11T16:00:00Z",11,11,"2026-10-11T06:00:00Z",7.1,"Good",6.8,2.74,9.5,0,0,0,291,8.94,280,"onshore_light","windsea_block","wind_onshore_light","wind_onshore_strong","wind_onshore_light",0,"2026-10-02T13:21:23Z","2026-10-02T22:12:16Z","2026-10-03T11:36:53Z","heads_up","2026-10-11T06:00:00Z","2026-10-11T16:00:00Z","Good"
"smygehuk-1011","smygehuk","C_windswell","cancelled","heads_up","2026-10-11T07:00:00Z","2026-10-11T12:00:00Z",6,6,"2026-10-11T08:00:00Z",6.9,"Good",6.4,1,5.05,0.32,4.9,155,212,6.68,231,"onshore_light","windsea_block","wind_onshore_light","wind_onshore_strong","wind_onshore_strong",0,"2026-10-02T13:21:23Z","2026-10-02T14:08:44Z","2026-10-02T22:12:16Z","heads_up","2026-10-11T07:00:00Z","2026-10-11T12:00:00Z","Good"
"hanstholm_beach-1012","hanstholm_beach","A_groundswell","active","heads_up","2026-10-12T14:00:00Z","2026-10-12T17:00:00Z",4,4,"2026-10-12T14:00:00Z",7.1,"Good",7.1,2.56,9,1.52,6.25,321,304,8.32,331,"onshore_light","windsea_block","wind_onshore_light","wind_onshore_strong","darkness",0,"2026-10-03T21:12:50Z","2026-10-03T21:12:50Z","2026-10-03T21:12:50Z","heads_up","2026-10-12T14:00:00Z","2026-10-12T17:00:00Z","Good"
"hanstholm_point-1012","hanstholm_point","A_groundswell","active","heads_up","2026-10-12T14:00:00Z","2026-10-12T17:00:00Z",4,4,"2026-10-12T14:00:00Z",7.1,"Good",6.5,2.08,9.15,1.34,6.3,325,311,8.32,331,"onshore_light","windsea_block","wind_onshore_light","wind_cross_strong","darkness",0,"2026-10-03T21:12:50Z","2026-10-03T21:12:50Z","2026-10-03T21:12:50Z","heads_up","2026-10-12T14:00:00Z","2026-10-12T17:00:00Z","Good"
"klitmoller-1012","klitmoller","A_groundswell","active","heads_up","2026-10-12T16:00:00Z","2026-10-12T17:00:00Z",2,2,"2026-10-12T17:00:00Z",7.9,"Good",7.5,2.06,8.7,2.04,9,303,303,5.53,347,"cross","windsea_block","wind_onshore_light","wind_onshore_strong","darkness",0,"2026-10-03T21:12:50Z","2026-10-03T21:12:50Z","2026-10-03T21:12:50Z","heads_up","2026-10-12T16:00:00Z","2026-10-12T17:00:00Z","Good"
"vorupoer-1012","vorupoer","A_groundswell","active","heads_up","2026-10-12T16:00:00Z","2026-10-12T17:00:00Z",2,2,"2026-10-12T17:00:00Z",7.2,"Good",6.8,2.46,8.8,1.5,6.1,327,311,5.53,347,"cross","windsea_block","swell_direction","wind_onshore_strong","darkness",0,"2026-10-03T21:12:50Z","2026-10-03T21:12:50Z","2026-10-03T21:12:50Z","heads_up","2026-10-12T16:00:00Z","2026-10-12T17:00:00Z","Good"
